/*
SQLyog Ultimate v11.25 (64 bit)
MySQL - 8.3.0 : Database - erbaojiaoxue
*********************************************************************
*/

/*!40101 SET NAMES utf8 */
;

/*!40101 SET SQL_MODE=''*/
;

/*!40014 SET @OLD_UNIQUE_CHECKS=@@UNIQUE_CHECKS, UNIQUE_CHECKS=0 */
;
/*!40014 SET @OLD_FOREIGN_KEY_CHECKS=@@FOREIGN_KEY_CHECKS, FOREIGN_KEY_CHECKS=0 */
;
/*!40101 SET @OLD_SQL_MODE=@@SQL_MODE, SQL_MODE='NO_AUTO_VALUE_ON_ZERO' */
;
/*!40111 SET @OLD_SQL_NOTES=@@SQL_NOTES, SQL_NOTES=0 */
;

CREATE DATABASE /*!32312 IF NOT EXISTS*/ `erbaojiaoxue` /*!40100 DEFAULT CHARACTER SET utf8mb4 COLLATE utf8mb4_0900_ai_ci */ /*!80016 DEFAULT ENCRYPTION='N' */;

USE `erbaojiaoxue2`;

/*Table structure for table `objection` */

DROP TABLE IF EXISTS `objection`;

CREATE TABLE `objection` (
    `id` int NOT NULL AUTO_INCREMENT,
    `user_id` int DEFAULT NULL COMMENT '异议用户id',
    `question_id` int DEFAULT NULL COMMENT '题目id',
    `patient_analyse_id` int DEFAULT NULL COMMENT '病例id',
    `question_set_id` int DEFAULT NULL COMMENT '套题id',
    `img` varchar(255) DEFAULT NULL COMMENT '题目',
    `answer` varchar(255) DEFAULT NULL COMMENT '答案',
    `objection_answer` varchar(255) DEFAULT NULL COMMENT '异议答案',
    `objection_argument` varchar(255) DEFAULT NULL COMMENT '异议理由',
    `type` enum('CASE', 'BANK') DEFAULT NULL COMMENT '异议类型 病例/题库',
    `objection_user` varchar(255) DEFAULT NULL COMMENT '异议用户',
    `processing_state` int DEFAULT '0' COMMENT '处理状态 0表示未处理 1表示已处理',
    `processing_result` int DEFAULT NULL COMMENT '处理结果 1表示采纳 0表示驳回',
    `processing_user` varchar(255) DEFAULT 'admin' COMMENT '处理用户',
    `processing_reply` varchar(255) DEFAULT NULL COMMENT '处理回复',
    `create_time` datetime DEFAULT NULL COMMENT '创建时间',
    `edit_time` datetime DEFAULT NULL COMMENT '修改时间',
    `deleted` tinyint(1) DEFAULT NULL COMMENT '逻辑删除',
    PRIMARY KEY (`id`)
) ENGINE = InnoDB AUTO_INCREMENT = 79 DEFAULT CHARSET = utf8mb4 COLLATE = utf8mb4_0900_ai_ci COMMENT = '异议表';

/*Data for the table `objection` */

insert into
    `objection` (
        `id`,
        `user_id`,
        `question_id`,
        `patient_analyse_id`,
        `question_set_id`,
        `img`,
        `answer`,
        `objection_answer`,
        `objection_argument`,
        `type`,
        `objection_user`,
        `processing_state`,
        `processing_result`,
        `processing_user`,
        `processing_reply`,
        `create_time`,
        `edit_time`,
        `deleted`
    )
values (
        59,
        36,
        NULL,
        160,
        NULL,
        '/unzip/d82ad4c12-3.jpg',
        '2',
        '切面1',
        '这是对李四第一张图的异议',
        'CASE',
        '2024',
        1,
        1,
        'admin',
        'ss',
        '2024-06-04 15:23:24',
        '2024-06-04 15:23:24',
        1
    ),
    (
        60,
        36,
        NULL,
        161,
        NULL,
        '/unzip/ac912c822-4.jpg',
        '4',
        '切面5',
        '这是对李四第二张图的异议',
        'CASE',
        '2024',
        1,
        1,
        'admin',
        'ssss',
        '2024-06-04 15:23:31',
        '2024-06-04 15:23:31',
        1
    ),
    (
        61,
        35,
        NULL,
        173,
        NULL,
        '/img/08493ffd.jpg',
        '切面7',
        '切面6',
        '不对',
        'CASE',
        '学员1',
        1,
        1,
        'admin',
        'sss',
        '2024-06-04 15:40:43',
        '2024-06-04 15:40:43',
        0
    ),
    (
        62,
        35,
        NULL,
        174,
        NULL,
        '/img/396494c7.jpg',
        '非标准切面',
        '切面6',
        '不对的',
        'CASE',
        '学员1',
        1,
        1,
        'admin',
        'sss',
        '2024-06-04 15:40:52',
        '2024-06-04 15:40:52',
        0
    ),
    (
        69,
        34,
        NULL,
        160,
        NULL,
        '/unzip/d82ad4c12-3.jpg',
        '2',
        '切面5',
        'ss',
        'CASE',
        'admin',
        0,
        NULL,
        'admin',
        NULL,
        '2024-06-05 11:24:15',
        '2024-06-05 11:24:15',
        1
    ),
    (
        70,
        34,
        NULL,
        161,
        NULL,
        '/unzip/ac912c822-4.jpg',
        '4',
        '切面2',
        'ss',
        'CASE',
        'admin',
        0,
        NULL,
        'admin',
        NULL,
        '2024-06-05 11:31:25',
        '2024-06-05 11:31:25',
        1
    ),
    (
        73,
        36,
        NULL,
        188,
        NULL,
        '/img/cfb6fa4e.jpg',
        '切面1',
        '切面1',
        'qwerty',
        'CASE',
        '2024',
        1,
        1,
        'admin',
        '222',
        '2024-06-05 15:30:54',
        '2024-06-05 15:30:54',
        0
    ),
    (
        74,
        36,
        NULL,
        196,
        NULL,
        '/img/1cfe2bf1.jpg',
        '非标准切面',
        '切面2',
        '1234',
        'CASE',
        '2024',
        1,
        0,
        'admin',
        '111',
        '2024-06-05 16:32:48',
        '2024-06-05 16:32:48',
        1
    ),
    (
        75,
        36,
        NULL,
        197,
        NULL,
        '/img/4bda7c1c.jpg',
        '切面1',
        '切面6',
        '123',
        'CASE',
        '2024',
        0,
        NULL,
        'admin',
        NULL,
        '2024-06-05 16:32:52',
        '2024-06-05 16:32:52',
        0
    ),
    (
        76,
        72,
        242,
        NULL,
        NULL,
        '/unzip/97e0456c4-6.jpg',
        '切面4',
        '切面2',
        '就该是切面2',
        'BANK',
        '2023',
        1,
        1,
        'admin',
        '对的',
        '2024-06-06 15:42:11',
        '2024-06-06 15:42:11',
        0
    ),
    (
        77,
        36,
        233,
        NULL,
        NULL,
        '/unzip/be0495187-1.jpg',
        '切面7',
        '切面4',
        '就是切面4',
        'BANK',
        '2024',
        1,
        1,
        'admin',
        'duidui',
        '2024-06-06 15:43:56',
        '2024-06-06 15:43:56',
        0
    ),
    (
        78,
        36,
        232,
        NULL,
        NULL,
        '/unzip/0b5c61832-5.jpg',
        '非标准切面',
        '切面2',
        '2222',
        'BANK',
        '2024',
        0,
        NULL,
        'admin',
        NULL,
        '2024-06-18 14:41:44',
        '2024-06-18 14:41:44',
        0
    );

/*Table structure for table `patient` */

DROP TABLE IF EXISTS `patient`;

CREATE TABLE `patient` (
    `id` int NOT NULL AUTO_INCREMENT COMMENT '病人id',
    `user_id` int DEFAULT NULL COMMENT '上传病例用户id',
    `name` varchar(255) DEFAULT NULL COMMENT '病人姓名',
    `sex` enum('MALE', 'FEMALE') DEFAULT NULL COMMENT '性别 男/女',
    `age` int DEFAULT NULL COMMENT '年龄',
    `ultrasonic_number` varchar(255) DEFAULT NULL COMMENT '超声号',
    `instrument_type` varchar(255) DEFAULT NULL COMMENT '仪器类型',
    `aspect_correct` varchar(255) DEFAULT NULL COMMENT '切面准确率',
    `outpatient_number` varchar(255) DEFAULT NULL COMMENT '门诊号',
    `ultrasonic_video` varchar(255) DEFAULT NULL COMMENT '超声视频',
    `check_item` varchar(255) DEFAULT NULL COMMENT '检查项目',
    `type` enum('VIDEO', 'IMG') DEFAULT NULL COMMENT '类型',
    `objection_num` int DEFAULT NULL COMMENT '异议数',
    `create_time` datetime DEFAULT NULL COMMENT '创建时间',
    `edit_time` datetime DEFAULT NULL COMMENT '修改时间',
    `deleted` tinyint(1) DEFAULT '0' COMMENT '逻辑删除',
    PRIMARY KEY (`id`)
) ENGINE = InnoDB AUTO_INCREMENT = 177 DEFAULT CHARSET = utf8mb4 COLLATE = utf8mb4_0900_ai_ci COMMENT = '病人表';

/*Data for the table `patient` */

insert into
    `patient` (
        `id`,
        `user_id`,
        `name`,
        `sex`,
        `age`,
        `ultrasonic_number`,
        `instrument_type`,
        `aspect_correct`,
        `outpatient_number`,
        `ultrasonic_video`,
        `check_item`,
        `type`,
        `objection_num`,
        `create_time`,
        `edit_time`,
        `deleted`
    )
values (
        131,
        19,
        '张三',
        'MALE',
        22,
        '101001.0',
        '1001.0',
        '100.0%',
        '11',
        '',
        '淋巴结',
        'IMG',
        0,
        '2024-05-28 13:50:06',
        '2024-05-28 13:50:06',
        1
    ),
    (
        132,
        19,
        '李四',
        'FEMALE',
        23,
        '101002.0',
        '1002.0',
        '50.0%',
        '2.0',
        '',
        '肝脏',
        'IMG',
        NULL,
        '2024-05-28 13:50:06',
        '2024-05-28 13:50:06',
        1
    ),
    (
        133,
        19,
        '张三',
        'MALE',
        22,
        '101001.0',
        '1001.0',
        '100.0%',
        '1.0',
        '',
        '淋巴结',
        'IMG',
        NULL,
        '2024-05-28 13:54:40',
        '2024-05-28 13:54:40',
        1
    ),
    (
        134,
        19,
        '李四',
        'FEMALE',
        23,
        '101002.0',
        '1002.0',
        '50.0%',
        '2.0',
        '',
        '肝脏',
        'IMG',
        NULL,
        '2024-05-28 13:54:40',
        '2024-05-28 13:54:40',
        1
    ),
    (
        135,
        36,
        '张三',
        'FEMALE',
        22,
        '101001.0',
        '1001.0',
        '100.0%',
        '1.0',
        '',
        '淋巴结',
        'IMG',
        0,
        '2024-05-28 14:19:46',
        '2024-05-28 14:19:46',
        0
    ),
    (
        136,
        36,
        '李四',
        'MALE',
        23,
        '101002.0',
        '1002.0',
        '50.0%',
        '2.0',
        '',
        '肝脏',
        'IMG',
        0,
        '2024-05-28 14:19:46',
        '2024-05-28 14:19:46',
        0
    ),
    (
        143,
        35,
        '张三',
        'FEMALE',
        33,
        'undefined',
        'null',
        '50.0%',
        'null',
        NULL,
        'null',
        'IMG',
        2,
        '2024-05-28 15:27:37',
        '2024-05-28 15:27:37',
        0
    ),
    (
        149,
        36,
        '2024',
        'MALE',
        22,
        'undefined',
        'null',
        '0.0%',
        'null',
        'video/WeChat_20240523140100.mp4',
        'null',
        'VIDEO',
        NULL,
        '2024-06-03 11:56:27',
        '2024-06-03 11:56:27',
        0
    ),
    (
        151,
        53,
        '病例熊',
        'MALE',
        30,
        'undefined',
        'null',
        '100.0%',
        'null',
        NULL,
        'null',
        'IMG',
        1,
        '2024-06-04 16:47:32',
        '2024-06-04 16:47:32',
        1
    ),
    (
        152,
        53,
        '病例坤',
        'MALE',
        29,
        'undefined',
        'null',
        '100.0%',
        'null',
        NULL,
        'null',
        'IMG',
        1,
        '2024-06-04 16:48:41',
        '2024-06-04 16:48:41',
        1
    ),
    (
        153,
        54,
        '病例龙',
        'MALE',
        25,
        'undefined',
        'null',
        '100.0%',
        'null',
        NULL,
        'null',
        'IMG',
        1,
        '2024-06-04 16:50:25',
        '2024-06-04 16:50:25',
        1
    ),
    (
        154,
        36,
        '2121',
        'MALE',
        22,
        'undefined',
        'null',
        '67.0%',
        'null',
        NULL,
        'null',
        'IMG',
        2,
        '2024-06-05 14:28:24',
        '2024-06-05 14:28:24',
        0
    ),
    (
        155,
        36,
        '2222',
        'MALE',
        11,
        'undefined',
        'null',
        '0.0%',
        'null',
        NULL,
        'null',
        'IMG',
        NULL,
        '2024-06-07 15:10:50',
        '2024-06-07 15:10:50',
        1
    ),
    (
        156,
        72,
        'nihai',
        'MALE',
        25,
        'undefined',
        'null',
        '100.0%',
        'null',
        NULL,
        'null',
        'IMG',
        NULL,
        '2024-06-07 16:40:21',
        '2024-06-07 16:40:21',
        1
    ),
    (
        157,
        73,
        'test',
        'MALE',
        65,
        'undefined',
        'null',
        '100.0%',
        'null',
        NULL,
        'null',
        'IMG',
        NULL,
        '2024-06-07 16:58:39',
        '2024-06-07 16:58:39',
        1
    ),
    (
        158,
        72,
        'test2',
        'MALE',
        56,
        'undefined',
        'null',
        '100.0%',
        'null',
        NULL,
        'null',
        'IMG',
        NULL,
        '2024-06-07 17:05:52',
        '2024-06-07 17:05:52',
        1
    ),
    (
        159,
        72,
        'test',
        'MALE',
        56,
        'undefined',
        'null',
        '100.0%',
        'null',
        NULL,
        'null',
        'IMG',
        NULL,
        '2024-06-07 17:12:23',
        '2024-06-07 17:12:23',
        1
    ),
    (
        160,
        73,
        '第一名',
        'MALE',
        24,
        'fdvfd',
        'svdsvd',
        '100.0%',
        'vsvd',
        '',
        'svdv',
        'IMG',
        NULL,
        '2024-06-07 17:12:51',
        '2024-06-07 17:12:51',
        1
    ),
    (
        161,
        73,
        '第二名',
        'FEMALE',
        15,
        'vsfv',
        'dscsd222',
        '100.0%',
        'vsd',
        '',
        'svdv',
        'IMG',
        NULL,
        '2024-06-07 17:12:51',
        '2024-06-07 17:12:51',
        1
    ),
    (
        162,
        72,
        '第一名',
        'MALE',
        24,
        'fdvfd',
        'svdsvd',
        '100.0%',
        'vsvd',
        '',
        'svdv',
        'IMG',
        NULL,
        '2024-06-07 17:17:54',
        '2024-06-07 17:17:54',
        1
    ),
    (
        163,
        72,
        '第二名',
        'FEMALE',
        15,
        'vsfv',
        'dscsd222',
        '100.0%',
        'vsd',
        '',
        'svdv',
        'IMG',
        NULL,
        '2024-06-07 17:17:54',
        '2024-06-07 17:17:54',
        1
    ),
    (
        164,
        36,
        '11',
        'FEMALE',
        1,
        'undefined',
        'null',
        '0.0%',
        'null',
        'video/11.mp4',
        'null',
        'VIDEO',
        NULL,
        '2024-06-12 14:17:38',
        '2024-06-12 14:17:38',
        0
    ),
    (
        165,
        36,
        '22',
        'FEMALE',
        2,
        'undefined',
        'null',
        '100.0%',
        'null',
        NULL,
        'null',
        'IMG',
        NULL,
        '2024-06-12 14:17:53',
        '2024-06-12 14:17:53',
        1
    ),
    (
        168,
        36,
        '22',
        'MALE',
        22,
        'undefined',
        'null',
        '0.0%',
        'null',
        NULL,
        'null',
        'IMG',
        NULL,
        '2024-06-20 14:00:33',
        '2024-06-20 14:00:33',
        0
    ),
    (
        169,
        36,
        '222',
        'MALE',
        33,
        'undefined',
        'null',
        '0.0%',
        'null',
        NULL,
        'null',
        'IMG',
        NULL,
        '2024-06-20 14:00:46',
        '2024-06-20 14:00:46',
        0
    ),
    (
        170,
        36,
        '44',
        'FEMALE',
        3,
        'undefined',
        'null',
        '0.0%',
        'null',
        NULL,
        'null',
        'IMG',
        NULL,
        '2024-06-20 14:00:56',
        '2024-06-20 14:00:56',
        0
    ),
    (
        171,
        36,
        '1',
        'MALE',
        1,
        'undefined',
        'null',
        '0.0%',
        'null',
        NULL,
        'null',
        'IMG',
        NULL,
        '2024-06-20 14:01:06',
        '2024-06-20 14:01:06',
        0
    ),
    (
        172,
        36,
        '5',
        'MALE',
        5,
        'undefined',
        'null',
        '0.0%',
        'null',
        NULL,
        'null',
        'IMG',
        NULL,
        '2024-06-20 14:01:17',
        '2024-06-20 14:01:17',
        0
    ),
    (
        173,
        36,
        '6',
        'MALE',
        66,
        'undefined',
        'null',
        '0.0%',
        'null',
        NULL,
        'null',
        'IMG',
        NULL,
        '2024-06-20 14:01:28',
        '2024-06-20 14:01:28',
        0
    ),
    (
        174,
        72,
        'test',
        'MALE',
        20,
        NULL,
        NULL,
        '100.0%',
        NULL,
        NULL,
        NULL,
        'IMG',
        NULL,
        '2024-06-26 13:44:20',
        '2024-06-26 13:44:20',
        0
    ),
    (
        175,
        72,
        'test',
        'MALE',
        21,
        NULL,
        NULL,
        '100.0%',
        NULL,
        NULL,
        NULL,
        'IMG',
        NULL,
        '2024-06-26 13:48:37',
        '2024-06-26 13:48:37',
        0
    ),
    (
        176,
        72,
        'test',
        'MALE',
        21,
        NULL,
        NULL,
        '100.0%',
        NULL,
        NULL,
        NULL,
        'IMG',
        NULL,
        '2024-06-26 13:49:12',
        '2024-06-26 13:49:12',
        0
    );

/*Table structure for table `patient_analyse` */

DROP TABLE IF EXISTS `patient_analyse`;

CREATE TABLE `patient_analyse` (
    `id` int NOT NULL AUTO_INCREMENT,
    `patient_id` int DEFAULT NULL COMMENT '病人id',
    `original_img` varchar(255) DEFAULT NULL COMMENT '原图/原帧',
    `analyse_img` varchar(255) DEFAULT NULL COMMENT '分析图/分析帧',
    `analyse_answer` varchar(255) DEFAULT NULL COMMENT '分析答案',
    `is_standard` tinyint(1) DEFAULT NULL COMMENT '是否标准切面',
    `aspect_name` varchar(255) DEFAULT NULL COMMENT '切面名称',
    `is_objection` tinyint(1) DEFAULT NULL COMMENT '是否异议',
    `create_time` datetime DEFAULT NULL COMMENT '创建时间',
    `edit_time` datetime DEFAULT NULL COMMENT '修改时间',
    `deleted` tinyint(1) DEFAULT NULL COMMENT '逻辑删除',
    `possibility` double(10, 1) DEFAULT NULL COMMENT '概率',
    PRIMARY KEY (`id`)
) ENGINE = InnoDB AUTO_INCREMENT = 217 DEFAULT CHARSET = utf8mb4 COLLATE = utf8mb4_0900_ai_ci COMMENT = '病例分析页面';

/*Data for the table `patient_analyse` */

insert into
    `patient_analyse` (
        `id`,
        `patient_id`,
        `original_img`,
        `analyse_img`,
        `analyse_answer`,
        `is_standard`,
        `aspect_name`,
        `is_objection`,
        `create_time`,
        `edit_time`,
        `deleted`,
        `possibility`
    )
values (
        145,
        128,
        '/img/bf39922d.jpg',
        NULL,
        '切面7',
        1,
        NULL,
        NULL,
        '2024-05-28 13:28:36',
        '2024-05-28 13:28:36',
        0,
        1.0
    ),
    (
        146,
        129,
        '/img/a0924c48.jpg',
        NULL,
        '切面5',
        1,
        NULL,
        NULL,
        '2024-05-28 13:31:24',
        '2024-05-28 13:31:24',
        0,
        1.0
    ),
    (
        147,
        129,
        '/img/82301faf.jpg',
        NULL,
        '切面7',
        1,
        NULL,
        NULL,
        '2024-05-28 13:31:25',
        '2024-05-28 13:31:25',
        0,
        1.0
    ),
    (
        148,
        129,
        '/img/69b8747d.jpg',
        NULL,
        '切面7',
        1,
        NULL,
        NULL,
        '2024-05-28 13:31:25',
        '2024-05-28 13:31:25',
        0,
        1.0
    ),
    (
        150,
        131,
        '/unzip/1e0cf9172-1.jpg',
        NULL,
        '切面1',
        1,
        NULL,
        NULL,
        '2024-05-28 13:50:06',
        '2024-05-28 13:50:06',
        1,
        1.0
    ),
    (
        151,
        131,
        '/unzip/fd2e4c7a2-2.jpg',
        NULL,
        '切面6',
        1,
        NULL,
        NULL,
        '2024-05-28 13:50:06',
        '2024-05-28 13:50:06',
        1,
        1.0
    ),
    (
        152,
        132,
        '/unzip/9dc206c42-3.jpg',
        NULL,
        '非标准切面',
        0,
        NULL,
        NULL,
        '2024-05-28 13:50:06',
        '2024-05-28 13:50:06',
        1,
        1.0
    ),
    (
        153,
        132,
        '/unzip/ca8063632-4.jpg',
        NULL,
        '切面7',
        1,
        NULL,
        NULL,
        '2024-05-28 13:50:06',
        '2024-05-28 13:50:06',
        1,
        1.0
    ),
    (
        154,
        133,
        '/unzip/ead555b62-1.jpg',
        NULL,
        '切面1',
        1,
        NULL,
        NULL,
        '2024-05-28 13:54:40',
        '2024-05-28 13:54:40',
        1,
        1.0
    ),
    (
        155,
        133,
        '/unzip/4e86be672-2.jpg',
        NULL,
        '切面6',
        1,
        NULL,
        NULL,
        '2024-05-28 13:54:40',
        '2024-05-28 13:54:40',
        1,
        1.0
    ),
    (
        156,
        134,
        '/unzip/b7a6f5f02-3.jpg',
        NULL,
        '非标准切面',
        0,
        NULL,
        NULL,
        '2024-05-28 13:54:40',
        '2024-05-28 13:54:40',
        1,
        1.0
    ),
    (
        157,
        134,
        '/unzip/fc5f77552-4.jpg',
        NULL,
        '切面7',
        1,
        NULL,
        NULL,
        '2024-05-28 13:54:40',
        '2024-05-28 13:54:40',
        1,
        1.0
    ),
    (
        158,
        135,
        '/unzip/91c5a9ce2-1.jpg',
        NULL,
        '切面1',
        1,
        NULL,
        NULL,
        '2024-05-28 14:19:46',
        '2024-05-28 14:19:46',
        0,
        1.0
    ),
    (
        159,
        135,
        '/unzip/fcb836492-2.jpg',
        NULL,
        '切面6',
        1,
        NULL,
        NULL,
        '2024-05-28 14:19:46',
        '2024-05-28 14:19:46',
        0,
        1.0
    ),
    (
        160,
        136,
        '/unzip/d82ad4c12-3.jpg',
        NULL,
        '切面1',
        0,
        NULL,
        NULL,
        '2024-05-28 14:19:46',
        '2024-05-28 14:19:46',
        0,
        1.0
    ),
    (
        161,
        136,
        '/unzip/ac912c822-4.jpg',
        NULL,
        '切面5',
        1,
        NULL,
        NULL,
        '2024-05-28 14:19:46',
        '2024-05-28 14:19:46',
        0,
        1.0
    ),
    (
        173,
        143,
        '/img/08493ffd.jpg',
        NULL,
        '切面6',
        1,
        NULL,
        NULL,
        '2024-05-28 15:27:38',
        '2024-05-28 15:27:38',
        0,
        1.0
    ),
    (
        174,
        143,
        '/img/396494c7.jpg',
        NULL,
        '切面6',
        0,
        NULL,
        NULL,
        '2024-05-28 15:27:38',
        '2024-05-28 15:27:38',
        0,
        1.0
    ),
    (
        185,
        151,
        '/img/ecf2ed8d.jpg',
        NULL,
        '切面3',
        1,
        NULL,
        NULL,
        '2024-06-04 16:47:33',
        '2024-06-04 16:47:33',
        1,
        1.0
    ),
    (
        186,
        152,
        '/img/5457f4ea.jpg',
        NULL,
        '切面3',
        1,
        NULL,
        NULL,
        '2024-06-04 16:48:41',
        '2024-06-04 16:48:41',
        1,
        1.0
    ),
    (
        187,
        153,
        '/img/c1cc75f0.jpg',
        NULL,
        '切面3',
        1,
        NULL,
        NULL,
        '2024-06-04 16:50:25',
        '2024-06-04 16:50:25',
        1,
        1.0
    ),
    (
        188,
        154,
        '/img/cfb6fa4e.jpg',
        NULL,
        '切面1',
        1,
        NULL,
        NULL,
        '2024-06-05 14:28:25',
        '2024-06-05 14:28:25',
        0,
        1.0
    ),
    (
        189,
        154,
        '/img/f8654857.jpg',
        NULL,
        '切面6',
        1,
        NULL,
        NULL,
        '2024-06-05 14:28:26',
        '2024-06-05 14:28:26',
        0,
        1.0
    ),
    (
        190,
        154,
        '/img/1ede8c28.jpg',
        NULL,
        '非标准切面',
        0,
        NULL,
        NULL,
        '2024-06-05 14:28:26',
        '2024-06-05 14:28:26',
        0,
        1.0
    ),
    (
        191,
        154,
        '/img/0a9cd479.jpg',
        NULL,
        '切面1',
        1,
        NULL,
        NULL,
        '2024-06-05 14:28:27',
        '2024-06-05 14:28:27',
        0,
        1.0
    ),
    (
        192,
        154,
        '/img/76f2dc56.jpg',
        NULL,
        '切面6',
        1,
        NULL,
        NULL,
        '2024-06-05 14:28:28',
        '2024-06-05 14:28:28',
        0,
        1.0
    ),
    (
        193,
        154,
        '/img/5d6bc800.jpg',
        NULL,
        '非标准切面',
        0,
        NULL,
        NULL,
        '2024-06-05 14:28:28',
        '2024-06-05 14:28:28',
        0,
        1.0
    ),
    (
        194,
        154,
        '/img/5e6a14ee.jpg',
        NULL,
        '切面1',
        1,
        NULL,
        NULL,
        '2024-06-05 14:28:29',
        '2024-06-05 14:28:29',
        0,
        1.0
    ),
    (
        195,
        154,
        '/img/55ef856b.jpg',
        NULL,
        '切面6',
        1,
        NULL,
        NULL,
        '2024-06-05 14:28:29',
        '2024-06-05 14:28:29',
        0,
        1.0
    ),
    (
        196,
        154,
        '/img/1cfe2bf1.jpg',
        NULL,
        '非标准切面',
        0,
        NULL,
        NULL,
        '2024-06-05 14:28:30',
        '2024-06-05 14:28:30',
        0,
        1.0
    ),
    (
        197,
        154,
        '/img/4bda7c1c.jpg',
        NULL,
        '切面1',
        1,
        NULL,
        NULL,
        '2024-06-05 14:28:30',
        '2024-06-05 14:28:30',
        0,
        1.0
    ),
    (
        198,
        154,
        '/img/c1d88777.jpg',
        NULL,
        '切面6',
        1,
        NULL,
        NULL,
        '2024-06-05 14:28:31',
        '2024-06-05 14:28:31',
        0,
        1.0
    ),
    (
        199,
        154,
        '/img/298b097c.jpg',
        NULL,
        '非标准切面',
        0,
        NULL,
        NULL,
        '2024-06-05 14:28:31',
        '2024-06-05 14:28:31',
        0,
        1.0
    ),
    (
        200,
        155,
        '/img/fb84904d.jpg',
        NULL,
        '非标准切面',
        0,
        NULL,
        NULL,
        '2024-06-07 15:10:51',
        '2024-06-07 15:10:51',
        1,
        1.0
    ),
    (
        201,
        156,
        '/img/5222d25c.jpg',
        NULL,
        '切面3',
        1,
        NULL,
        NULL,
        '2024-06-07 16:40:22',
        '2024-06-07 16:40:22',
        1,
        1.0
    ),
    (
        202,
        157,
        '/img/9b83f94c.jpg',
        NULL,
        '切面3',
        1,
        NULL,
        NULL,
        '2024-06-07 16:58:40',
        '2024-06-07 16:58:40',
        1,
        1.0
    ),
    (
        203,
        158,
        '/img/8aaddbd1.jpg',
        NULL,
        '切面3',
        1,
        NULL,
        NULL,
        '2024-06-07 17:05:53',
        '2024-06-07 17:05:53',
        1,
        1.0
    ),
    (
        204,
        159,
        '/img/60f1b04f.jpg',
        NULL,
        '切面3',
        1,
        NULL,
        NULL,
        '2024-06-07 17:12:24',
        '2024-06-07 17:12:24',
        1,
        1.0
    ),
    (
        205,
        160,
        '/unzip/6fbb47d01.jpg',
        NULL,
        '切面3',
        1,
        NULL,
        NULL,
        '2024-06-07 17:12:51',
        '2024-06-07 17:12:51',
        1,
        1.0
    ),
    (
        206,
        160,
        '/unzip/610efcab2.png',
        NULL,
        '切面6',
        1,
        NULL,
        NULL,
        '2024-06-07 17:12:51',
        '2024-06-07 17:12:51',
        1,
        1.0
    ),
    (
        207,
        161,
        '/unzip/63f4a17clisi.png',
        NULL,
        '切面6',
        1,
        NULL,
        NULL,
        '2024-06-07 17:12:51',
        '2024-06-07 17:12:51',
        1,
        1.0
    ),
    (
        208,
        161,
        '/unzip/03e84dc23.png',
        NULL,
        '切面6',
        1,
        NULL,
        NULL,
        '2024-06-07 17:12:51',
        '2024-06-07 17:12:51',
        1,
        1.0
    ),
    (
        209,
        162,
        '/unzip/154e78911.jpg',
        NULL,
        '切面3',
        1,
        NULL,
        NULL,
        '2024-06-07 17:17:54',
        '2024-06-07 17:17:54',
        1,
        1.0
    ),
    (
        210,
        162,
        '/unzip/ee1478ea2.png',
        NULL,
        '切面6',
        1,
        NULL,
        NULL,
        '2024-06-07 17:17:54',
        '2024-06-07 17:17:54',
        1,
        1.0
    ),
    (
        211,
        163,
        '/unzip/61d9e8dflisi.png',
        NULL,
        '切面6',
        1,
        NULL,
        NULL,
        '2024-06-07 17:17:54',
        '2024-06-07 17:17:54',
        1,
        1.0
    ),
    (
        212,
        163,
        '/unzip/b389828f3.png',
        NULL,
        '切面6',
        1,
        NULL,
        NULL,
        '2024-06-07 17:17:54',
        '2024-06-07 17:17:54',
        1,
        1.0
    ),
    (
        213,
        165,
        '/img/d162a734.jpg',
        NULL,
        '切面1',
        1,
        NULL,
        NULL,
        '2024-06-12 14:17:54',
        '2024-06-12 14:17:54',
        1,
        1.0
    ),
    (
        214,
        174,
        'img\\6b4a285a.jpg',
        NULL,
        '切面3',
        1,
        NULL,
        NULL,
        '2024-06-26 13:46:54',
        '2024-06-26 13:46:54',
        0,
        1.0
    ),
    (
        215,
        175,
        'img\\eba8cc84.jpg',
        NULL,
        '切面3',
        1,
        NULL,
        NULL,
        '2024-06-26 13:48:41',
        '2024-06-26 13:48:41',
        0,
        1.0
    ),
    (
        216,
        176,
        'img\\3c85be39.jpg',
        NULL,
        '切面3',
        1,
        NULL,
        NULL,
        '2024-06-26 13:49:16',
        '2024-06-26 13:49:16',
        0,
        1.0
    );

/*Table structure for table `practice_page` */

DROP TABLE IF EXISTS `practice_page`;

CREATE TABLE `practice_page` (
    `id` int NOT NULL AUTO_INCREMENT COMMENT '主键',
    `user_id` int DEFAULT NULL COMMENT '用户id',
    `question_id` int DEFAULT NULL COMMENT '题目id',
    `question_set_id` int DEFAULT NULL COMMENT '套题id',
    `name` varchar(255) CHARACTER SET utf8mb4 COLLATE utf8mb4_0900_ai_ci DEFAULT NULL COMMENT '错题名称',
    `answer` varchar(255) DEFAULT NULL COMMENT '题目正确答案',
    `user_answer` varchar(255) DEFAULT NULL COMMENT '用户填写答案',
    `is_objection` tinyint(1) DEFAULT NULL COMMENT '是否有异议',
    `is_true` tinyint(1) DEFAULT NULL COMMENT '是否正确',
    `is_collect` tinyint(1) DEFAULT NULL COMMENT '是否收藏',
    `topic_source` enum('BANK', 'CASE') DEFAULT NULL COMMENT '题目来源 病例/题库',
    `create_user` varchar(255) DEFAULT 'admin' COMMENT '创建人',
    `create_time` datetime DEFAULT NULL COMMENT '创建时间',
    `edit_time` datetime DEFAULT NULL COMMENT '修改时间',
    `deleted` tinyint(1) DEFAULT NULL COMMENT '逻辑删除',
    PRIMARY KEY (`id`)
) ENGINE = InnoDB AUTO_INCREMENT = 355 DEFAULT CHARSET = utf8mb4 COLLATE = utf8mb4_0900_ai_ci COMMENT = '错题和收藏页面';

/*Data for the table `practice_page` */

insert into
    `practice_page` (
        `id`,
        `user_id`,
        `question_id`,
        `question_set_id`,
        `name`,
        `answer`,
        `user_answer`,
        `is_objection`,
        `is_true`,
        `is_collect`,
        `topic_source`,
        `create_user`,
        `create_time`,
        `edit_time`,
        `deleted`
    )
values (
        262,
        62,
        232,
        NULL,
        '/unzip/0b5c61832-5.jpg',
        '非标准切面',
        '非标准切面',
        0,
        1,
        0,
        'BANK',
        'admin',
        '2024-06-05 17:22:53',
        '2024-06-05 17:22:53',
        1
    ),
    (
        263,
        62,
        233,
        NULL,
        '/unzip/be0495187-1.jpg',
        '切面7',
        '切面5',
        0,
        0,
        0,
        'BANK',
        'admin',
        '2024-06-05 17:23:26',
        '2024-06-05 17:23:26',
        1
    ),
    (
        264,
        62,
        234,
        NULL,
        '/unzip/ae5afead6-3.jpg',
        '切面5',
        '切面6',
        0,
        0,
        0,
        'BANK',
        'admin',
        '2024-06-05 17:23:28',
        '2024-06-05 17:23:28',
        1
    ),
    (
        265,
        62,
        235,
        NULL,
        '/unzip/e0f0620d6-4.jpg',
        '切面6',
        '切面6',
        0,
        1,
        0,
        'BANK',
        'admin',
        '2024-06-05 17:23:30',
        '2024-06-05 17:23:30',
        1
    ),
    (
        266,
        62,
        236,
        NULL,
        '/unzip/220af6ce1-6.jpg',
        '切面3',
        '切面7',
        0,
        0,
        0,
        'BANK',
        'admin',
        '2024-06-05 17:23:33',
        '2024-06-05 17:23:33',
        1
    ),
    (
        267,
        62,
        237,
        NULL,
        '/unzip/cc2c21bc6-2.jpg',
        '切面6',
        '非标准切面',
        0,
        0,
        0,
        'BANK',
        'admin',
        '2024-06-05 17:23:35',
        '2024-06-05 17:23:35',
        1
    ),
    (
        268,
        62,
        238,
        NULL,
        '/unzip/d2ea0c5c6-6.jpg',
        '切面6',
        '非标准切面',
        0,
        0,
        0,
        'BANK',
        'admin',
        '2024-06-05 17:23:38',
        '2024-06-05 17:23:38',
        1
    ),
    (
        269,
        62,
        239,
        NULL,
        '/unzip/8f33f2c50-2.jpg',
        '非标准切面',
        '非标准切面',
        0,
        1,
        0,
        'BANK',
        'admin',
        '2024-06-05 17:23:40',
        '2024-06-05 17:23:40',
        1
    ),
    (
        270,
        63,
        232,
        NULL,
        '/unzip/0b5c61832-5.jpg',
        '非标准切面',
        '非标准切面',
        0,
        1,
        0,
        'BANK',
        'admin',
        '2024-06-05 17:24:09',
        '2024-06-05 17:24:09',
        1
    ),
    (
        271,
        63,
        233,
        NULL,
        '/unzip/be0495187-1.jpg',
        '切面7',
        '切面2',
        0,
        0,
        0,
        'BANK',
        'admin',
        '2024-06-05 17:24:11',
        '2024-06-05 17:24:11',
        1
    ),
    (
        272,
        63,
        234,
        NULL,
        '/unzip/ae5afead6-3.jpg',
        '切面5',
        '切面5',
        0,
        1,
        0,
        'BANK',
        'admin',
        '2024-06-05 17:24:13',
        '2024-06-05 17:24:13',
        1
    ),
    (
        273,
        63,
        235,
        NULL,
        '/unzip/e0f0620d6-4.jpg',
        '切面6',
        '切面6',
        0,
        1,
        0,
        'BANK',
        'admin',
        '2024-06-05 17:24:15',
        '2024-06-05 17:24:15',
        1
    ),
    (
        274,
        63,
        236,
        NULL,
        '/unzip/220af6ce1-6.jpg',
        '切面3',
        '切面6',
        0,
        0,
        0,
        'BANK',
        'admin',
        '2024-06-05 17:24:17',
        '2024-06-05 17:24:17',
        1
    ),
    (
        275,
        63,
        237,
        NULL,
        '/unzip/cc2c21bc6-2.jpg',
        '切面6',
        '切面7',
        0,
        0,
        0,
        'BANK',
        'admin',
        '2024-06-05 17:24:19',
        '2024-06-05 17:24:19',
        1
    ),
    (
        276,
        63,
        239,
        NULL,
        '/unzip/8f33f2c50-2.jpg',
        '非标准切面',
        '切面7',
        0,
        0,
        0,
        'BANK',
        'admin',
        '2024-06-05 17:24:27',
        '2024-06-05 17:24:27',
        1
    ),
    (
        277,
        64,
        232,
        NULL,
        '/unzip/0b5c61832-5.jpg',
        '非标准切面',
        '切面3',
        0,
        0,
        0,
        'BANK',
        'admin',
        '2024-06-05 17:25:24',
        '2024-06-05 17:25:24',
        1
    ),
    (
        278,
        64,
        233,
        NULL,
        '/unzip/be0495187-1.jpg',
        '切面7',
        '切面7',
        0,
        1,
        0,
        'BANK',
        'admin',
        '2024-06-05 17:25:26',
        '2024-06-05 17:25:26',
        1
    ),
    (
        279,
        64,
        234,
        NULL,
        '/unzip/ae5afead6-3.jpg',
        '切面5',
        '切面5',
        0,
        1,
        0,
        'BANK',
        'admin',
        '2024-06-05 17:25:28',
        '2024-06-05 17:25:28',
        1
    ),
    (
        280,
        64,
        235,
        NULL,
        '/unzip/e0f0620d6-4.jpg',
        '切面6',
        '切面1',
        0,
        0,
        0,
        'BANK',
        'admin',
        '2024-06-05 17:25:31',
        '2024-06-05 17:25:31',
        1
    ),
    (
        281,
        64,
        236,
        NULL,
        '/unzip/220af6ce1-6.jpg',
        '切面3',
        '非标准切面',
        0,
        0,
        0,
        'BANK',
        'admin',
        '2024-06-05 17:25:33',
        '2024-06-05 17:25:33',
        1
    ),
    (
        282,
        64,
        237,
        NULL,
        '/unzip/cc2c21bc6-2.jpg',
        '切面6',
        '切面2',
        0,
        0,
        0,
        'BANK',
        'admin',
        '2024-06-05 17:25:35',
        '2024-06-05 17:25:35',
        1
    ),
    (
        283,
        65,
        232,
        NULL,
        '/unzip/0b5c61832-5.jpg',
        '非标准切面',
        '非标准切面',
        0,
        1,
        0,
        'BANK',
        'admin',
        '2024-06-05 17:25:41',
        '2024-06-05 17:25:41',
        1
    ),
    (
        284,
        65,
        233,
        NULL,
        '/unzip/be0495187-1.jpg',
        '切面7',
        '切面4',
        0,
        0,
        0,
        'BANK',
        'admin',
        '2024-06-05 17:25:43',
        '2024-06-05 17:25:43',
        1
    ),
    (
        285,
        65,
        241,
        NULL,
        '/unzip/942a62084-4.jpg',
        '切面4',
        '非标准切面',
        0,
        0,
        0,
        'BANK',
        'admin',
        '2024-06-05 17:25:46',
        '2024-06-05 17:25:46',
        1
    ),
    (
        286,
        65,
        240,
        NULL,
        '/unzip/f5bb6fcb5-4.jpg',
        '切面5',
        '切面4',
        0,
        0,
        0,
        'BANK',
        'admin',
        '2024-06-05 17:25:48',
        '2024-06-05 17:25:48',
        1
    ),
    (
        287,
        65,
        234,
        NULL,
        '/unzip/ae5afead6-3.jpg',
        '切面5',
        '切面4',
        0,
        0,
        0,
        'BANK',
        'admin',
        '2024-06-05 17:25:53',
        '2024-06-05 17:25:53',
        1
    ),
    (
        288,
        66,
        232,
        NULL,
        '/unzip/0b5c61832-5.jpg',
        '非标准切面',
        '切面3',
        0,
        0,
        0,
        'BANK',
        'admin',
        '2024-06-05 17:26:01',
        '2024-06-05 17:26:01',
        1
    ),
    (
        289,
        66,
        233,
        NULL,
        '/unzip/be0495187-1.jpg',
        '切面7',
        '切面7',
        0,
        1,
        0,
        'BANK',
        'admin',
        '2024-06-05 17:26:03',
        '2024-06-05 17:26:03',
        1
    ),
    (
        290,
        66,
        234,
        NULL,
        '/unzip/ae5afead6-3.jpg',
        '切面5',
        '切面6',
        0,
        0,
        0,
        'BANK',
        'admin',
        '2024-06-05 17:26:05',
        '2024-06-05 17:26:05',
        1
    ),
    (
        291,
        66,
        235,
        NULL,
        '/unzip/e0f0620d6-4.jpg',
        '切面6',
        '切面4',
        0,
        0,
        0,
        'BANK',
        'admin',
        '2024-06-05 17:26:07',
        '2024-06-05 17:26:07',
        1
    ),
    (
        292,
        72,
        232,
        NULL,
        '/unzip/0b5c61832-5.jpg',
        '非标准切面',
        '切面2',
        0,
        0,
        1,
        'BANK',
        'admin',
        '2024-06-06 13:47:17',
        '2024-06-06 13:47:17',
        0
    ),
    (
        293,
        72,
        233,
        NULL,
        '/unzip/be0495187-1.jpg',
        '切面7',
        '切面2',
        0,
        0,
        1,
        'BANK',
        'admin',
        '2024-06-06 13:47:21',
        '2024-06-06 13:47:21',
        0
    ),
    (
        294,
        72,
        234,
        NULL,
        '/unzip/ae5afead6-3.jpg',
        '切面5',
        '切面6',
        0,
        0,
        0,
        'BANK',
        'admin',
        '2024-06-06 13:47:24',
        '2024-06-06 13:47:24',
        0
    ),
    (
        295,
        72,
        235,
        NULL,
        '/unzip/e0f0620d6-4.jpg',
        '切面6',
        '切面6',
        0,
        1,
        0,
        'BANK',
        'admin',
        '2024-06-06 13:47:26',
        '2024-06-06 13:47:26',
        0
    ),
    (
        296,
        72,
        236,
        NULL,
        '/unzip/220af6ce1-6.jpg',
        '切面3',
        '切面5',
        0,
        0,
        0,
        'BANK',
        'admin',
        '2024-06-06 13:47:32',
        '2024-06-06 13:47:32',
        0
    ),
    (
        297,
        72,
        237,
        NULL,
        '/unzip/cc2c21bc6-2.jpg',
        '切面6',
        '切面6',
        0,
        1,
        0,
        'BANK',
        'admin',
        '2024-06-06 13:47:35',
        '2024-06-06 13:47:35',
        0
    ),
    (
        298,
        72,
        238,
        NULL,
        '/unzip/d2ea0c5c6-6.jpg',
        '切面6',
        '切面6',
        0,
        1,
        0,
        'BANK',
        'admin',
        '2024-06-06 13:47:39',
        '2024-06-06 13:47:39',
        0
    ),
    (
        299,
        35,
        232,
        NULL,
        '/unzip/0b5c61832-5.jpg',
        '非标准切面',
        '切面4',
        0,
        0,
        0,
        'BANK',
        'admin',
        '2024-06-06 13:50:34',
        '2024-06-06 13:50:34',
        0
    ),
    (
        300,
        35,
        233,
        NULL,
        '/unzip/be0495187-1.jpg',
        '切面7',
        '切面7',
        0,
        1,
        0,
        'BANK',
        'admin',
        '2024-06-06 13:50:36',
        '2024-06-06 13:50:36',
        0
    ),
    (
        301,
        35,
        234,
        NULL,
        '/unzip/ae5afead6-3.jpg',
        '切面5',
        '切面3',
        0,
        0,
        0,
        'BANK',
        'admin',
        '2024-06-06 13:50:40',
        '2024-06-06 13:50:40',
        0
    ),
    (
        302,
        72,
        239,
        NULL,
        '/unzip/8f33f2c50-2.jpg',
        '非标准切面',
        '切面6',
        0,
        0,
        0,
        'BANK',
        'admin',
        '2024-06-06 15:41:46',
        '2024-06-06 15:41:46',
        0
    ),
    (
        303,
        72,
        240,
        NULL,
        '/unzip/f5bb6fcb5-4.jpg',
        '切面5',
        '切面5',
        0,
        1,
        0,
        'BANK',
        'admin',
        '2024-06-06 15:41:49',
        '2024-06-06 15:41:49',
        0
    ),
    (
        304,
        72,
        241,
        NULL,
        '/unzip/942a62084-4.jpg',
        '切面4',
        '切面4',
        0,
        1,
        0,
        'BANK',
        'admin',
        '2024-06-06 15:41:57',
        '2024-06-06 15:41:57',
        0
    ),
    (
        305,
        72,
        242,
        NULL,
        '/unzip/97e0456c4-6.jpg',
        '切面4',
        '切面5',
        0,
        0,
        0,
        'BANK',
        'admin',
        '2024-06-06 15:41:59',
        '2024-06-06 15:41:59',
        0
    ),
    (
        306,
        36,
        232,
        NULL,
        '/unzip/0b5c61832-5.jpg',
        '非标准切面',
        '切面4',
        0,
        0,
        1,
        'BANK',
        'admin',
        '2024-06-06 15:43:45',
        '2024-06-06 15:43:45',
        0
    ),
    (
        307,
        36,
        233,
        NULL,
        '/unzip/be0495187-1.jpg',
        '切面7',
        '切面4',
        0,
        0,
        1,
        'BANK',
        'admin',
        '2024-06-06 15:43:48',
        '2024-06-06 15:43:48',
        0
    ),
    (
        308,
        36,
        234,
        NULL,
        '/unzip/ae5afead6-3.jpg',
        '切面5',
        '切面4',
        0,
        0,
        1,
        'BANK',
        'admin',
        '2024-06-06 15:44:53',
        '2024-06-06 15:44:53',
        0
    ),
    (
        309,
        36,
        235,
        NULL,
        '/unzip/e0f0620d6-4.jpg',
        '切面6',
        '切面6',
        0,
        1,
        1,
        'BANK',
        'admin',
        '2024-06-06 15:44:55',
        '2024-06-06 15:44:55',
        0
    ),
    (
        310,
        72,
        243,
        NULL,
        '/unzip/c4f5a8523-1.jpg',
        '切面3',
        '切面4',
        0,
        0,
        0,
        'BANK',
        'admin',
        '2024-06-06 15:52:55',
        '2024-06-06 15:52:55',
        0
    ),
    (
        311,
        72,
        244,
        NULL,
        '/unzip/233f800b0-1.jpg',
        '非标准切面',
        '切面5',
        0,
        0,
        0,
        'BANK',
        'admin',
        '2024-06-06 15:52:57',
        '2024-06-06 15:52:57',
        0
    ),
    (
        312,
        72,
        245,
        NULL,
        '/unzip/925e14742-6.jpg',
        '切面2',
        '切面4',
        0,
        0,
        0,
        'BANK',
        'admin',
        '2024-06-06 15:52:58',
        '2024-06-06 15:52:58',
        0
    ),
    (
        313,
        72,
        246,
        NULL,
        '/unzip/6a0e41861-4.jpg',
        '切面1',
        '切面4',
        0,
        0,
        0,
        'BANK',
        'admin',
        '2024-06-06 15:53:01',
        '2024-06-06 15:53:01',
        0
    ),
    (
        314,
        72,
        247,
        NULL,
        '/unzip/b8e762160-3.jpg',
        '非标准切面',
        '切面2',
        0,
        0,
        0,
        'BANK',
        'admin',
        '2024-06-06 15:53:04',
        '2024-06-06 15:53:04',
        0
    ),
    (
        315,
        72,
        248,
        NULL,
        '/unzip/2b2a45796-5.jpg',
        '切面6',
        '切面3',
        0,
        0,
        0,
        'BANK',
        'admin',
        '2024-06-06 15:53:07',
        '2024-06-06 15:53:07',
        0
    ),
    (
        316,
        72,
        249,
        NULL,
        '/unzip/ae1800754-1.jpg',
        '切面4',
        '切面4',
        0,
        1,
        0,
        'BANK',
        'admin',
        '2024-06-06 15:53:09',
        '2024-06-06 15:53:09',
        0
    ),
    (
        317,
        72,
        250,
        NULL,
        '/unzip/43f5569f3-3.jpg',
        '切面3',
        '切面2',
        0,
        0,
        0,
        'BANK',
        'admin',
        '2024-06-06 15:53:10',
        '2024-06-06 15:53:10',
        0
    ),
    (
        318,
        72,
        251,
        NULL,
        '/unzip/2a9274877-4.jpg',
        '切面7',
        '切面2',
        0,
        0,
        0,
        'BANK',
        'admin',
        '2024-06-06 15:53:13',
        '2024-06-06 15:53:13',
        0
    ),
    (
        319,
        72,
        252,
        NULL,
        '/unzip/fb6380f31-2.jpg',
        '切面1',
        '切面2',
        0,
        0,
        0,
        'BANK',
        'admin',
        '2024-06-06 15:53:17',
        '2024-06-06 15:53:17',
        0
    ),
    (
        320,
        72,
        253,
        NULL,
        '/unzip/49df4cd27-5.jpg',
        '切面7',
        '切面4',
        0,
        0,
        0,
        'BANK',
        'admin',
        '2024-06-06 15:53:18',
        '2024-06-06 15:53:18',
        0
    ),
    (
        321,
        72,
        254,
        NULL,
        '/unzip/aa76f11e3-6.jpg',
        '切面3',
        '切面2',
        0,
        0,
        0,
        'BANK',
        'admin',
        '2024-06-06 15:53:20',
        '2024-06-06 15:53:20',
        0
    ),
    (
        322,
        72,
        255,
        NULL,
        '/unzip/d743ba815-1.jpg',
        '切面5',
        '切面2',
        0,
        0,
        0,
        'BANK',
        'admin',
        '2024-06-06 15:53:22',
        '2024-06-06 15:53:22',
        0
    ),
    (
        323,
        72,
        256,
        NULL,
        '/unzip/cea621817-2.jpg',
        '切面7',
        '切面2',
        0,
        0,
        0,
        'BANK',
        'admin',
        '2024-06-06 15:53:24',
        '2024-06-06 15:53:24',
        0
    ),
    (
        324,
        72,
        257,
        NULL,
        '/unzip/09e28a4f2-3.jpg',
        '切面2',
        '切面1',
        0,
        0,
        0,
        'BANK',
        'admin',
        '2024-06-06 15:53:27',
        '2024-06-06 15:53:27',
        0
    ),
    (
        325,
        72,
        258,
        NULL,
        '/unzip/9c5cb9970-5.jpg',
        '非标准切面',
        '切面2',
        0,
        0,
        0,
        'BANK',
        'admin',
        '2024-06-06 15:53:30',
        '2024-06-06 15:53:30',
        0
    ),
    (
        326,
        72,
        259,
        NULL,
        '/unzip/3bcf0c1c5-5.jpg',
        '切面5',
        '切面4',
        0,
        0,
        0,
        'BANK',
        'admin',
        '2024-06-06 15:53:32',
        '2024-06-06 15:53:32',
        0
    ),
    (
        327,
        72,
        260,
        NULL,
        '/unzip/632db94d1-5.jpg',
        '切面1',
        '切面3',
        0,
        0,
        0,
        'BANK',
        'admin',
        '2024-06-06 15:53:34',
        '2024-06-06 15:53:34',
        0
    ),
    (
        328,
        72,
        261,
        NULL,
        '/unzip/5648a6234-2.jpg',
        '切面4',
        '切面7',
        0,
        0,
        0,
        'BANK',
        'admin',
        '2024-06-06 15:53:36',
        '2024-06-06 15:53:36',
        0
    ),
    (
        329,
        72,
        262,
        NULL,
        '/unzip/0d1bb25b2-2.jpg',
        '切面2',
        '切面4',
        0,
        0,
        0,
        'BANK',
        'admin',
        '2024-06-06 15:53:38',
        '2024-06-06 15:53:38',
        0
    ),
    (
        330,
        72,
        263,
        NULL,
        '/unzip/3ba505fa5-2.jpg',
        '切面5',
        '切面4',
        0,
        0,
        0,
        'BANK',
        'admin',
        '2024-06-06 15:53:42',
        '2024-06-06 15:53:42',
        0
    ),
    (
        331,
        72,
        264,
        NULL,
        '/unzip/150051411-1.jpg',
        '切面1',
        '切面2',
        0,
        0,
        0,
        'BANK',
        'admin',
        '2024-06-06 15:53:44',
        '2024-06-06 15:53:44',
        0
    ),
    (
        332,
        72,
        265,
        NULL,
        '/unzip/ee80ab945-6.jpg',
        '切面5',
        '切面3',
        0,
        0,
        0,
        'BANK',
        'admin',
        '2024-06-06 15:53:46',
        '2024-06-06 15:53:46',
        0
    ),
    (
        333,
        72,
        266,
        NULL,
        '/unzip/4d06c7e90-6.jpg',
        '非标准切面',
        '切面4',
        0,
        0,
        0,
        'BANK',
        'admin',
        '2024-06-06 15:53:48',
        '2024-06-06 15:53:48',
        0
    ),
    (
        334,
        72,
        267,
        NULL,
        '/unzip/f00410dd3-5.jpg',
        '切面3',
        '切面2',
        0,
        0,
        0,
        'BANK',
        'admin',
        '2024-06-06 15:53:51',
        '2024-06-06 15:53:51',
        0
    ),
    (
        335,
        72,
        268,
        NULL,
        '/unzip/c9f64bd63-2.jpg',
        '切面3',
        '切面5',
        0,
        0,
        0,
        'BANK',
        'admin',
        '2024-06-06 15:53:55',
        '2024-06-06 15:53:55',
        0
    ),
    (
        336,
        72,
        269,
        NULL,
        '/unzip/935a86a54-5.jpg',
        '切面4',
        '切面3',
        0,
        0,
        0,
        'BANK',
        'admin',
        '2024-06-06 15:53:57',
        '2024-06-06 15:53:57',
        0
    ),
    (
        337,
        72,
        270,
        NULL,
        '/unzip/53f531d12-1.jpg',
        '切面2',
        '切面2',
        0,
        1,
        0,
        'BANK',
        'admin',
        '2024-06-06 15:53:59',
        '2024-06-06 15:53:59',
        0
    ),
    (
        338,
        72,
        271,
        NULL,
        '/unzip/3873cf3b2-4.jpg',
        '切面2',
        '切面4',
        0,
        0,
        0,
        'BANK',
        'admin',
        '2024-06-06 15:54:01',
        '2024-06-06 15:54:01',
        0
    ),
    (
        339,
        72,
        272,
        NULL,
        '/unzip/976966895-3.jpg',
        '切面5',
        '切面5',
        0,
        1,
        0,
        'BANK',
        'admin',
        '2024-06-06 15:54:03',
        '2024-06-06 15:54:03',
        0
    ),
    (
        340,
        72,
        273,
        NULL,
        '/unzip/baaeb92b1-3.jpg',
        '切面1',
        '切面2',
        0,
        0,
        0,
        'BANK',
        'admin',
        '2024-06-06 15:54:07',
        '2024-06-06 15:54:07',
        0
    ),
    (
        341,
        72,
        274,
        NULL,
        '/unzip/5fc2ff756-1.jpg',
        '切面6',
        '非标准切面',
        0,
        0,
        0,
        'BANK',
        'admin',
        '2024-06-06 15:54:09',
        '2024-06-06 15:54:09',
        0
    ),
    (
        342,
        72,
        275,
        NULL,
        '/unzip/1c0a6bc87-6.jpg',
        '切面7',
        '切面3',
        0,
        0,
        0,
        'BANK',
        'admin',
        '2024-06-06 15:54:11',
        '2024-06-06 15:54:11',
        0
    ),
    (
        343,
        72,
        276,
        NULL,
        '/unzip/115985e10-4.jpg',
        '非标准切面',
        '切面3',
        0,
        0,
        0,
        'BANK',
        'admin',
        '2024-06-06 15:54:13',
        '2024-06-06 15:54:13',
        0
    ),
    (
        344,
        72,
        277,
        NULL,
        '/unzip/bcfe685e7-3.jpg',
        '切面7',
        '切面5',
        0,
        0,
        0,
        'BANK',
        'admin',
        '2024-06-06 15:54:14',
        '2024-06-06 15:54:14',
        0
    ),
    (
        345,
        72,
        278,
        NULL,
        '/unzip/2f8f5ccb3-4.jpg',
        '切面3',
        '切面7',
        0,
        0,
        0,
        'BANK',
        'admin',
        '2024-06-06 15:54:16',
        '2024-06-06 15:54:16',
        0
    ),
    (
        346,
        72,
        280,
        NULL,
        '/unzip/91c5a9ce2-1.jpg',
        '切面1',
        '切面2',
        0,
        0,
        0,
        'CASE',
        'admin',
        '2024-06-06 15:54:20',
        '2024-06-06 15:54:20',
        0
    ),
    (
        347,
        36,
        237,
        NULL,
        '/unzip/cc2c21bc6-2.jpg',
        '切面6',
        '切面2',
        0,
        0,
        1,
        'BANK',
        'admin',
        '2024-06-12 14:12:44',
        '2024-06-12 14:12:44',
        0
    ),
    (
        348,
        36,
        238,
        NULL,
        '/unzip/d2ea0c5c6-6.jpg',
        '切面6',
        '切面2',
        0,
        0,
        1,
        'BANK',
        'admin',
        '2024-06-12 14:12:47',
        '2024-06-12 14:12:47',
        0
    ),
    (
        349,
        36,
        239,
        NULL,
        '/unzip/8f33f2c50-2.jpg',
        '非标准切面',
        '非标准切面',
        0,
        1,
        1,
        'BANK',
        'admin',
        '2024-06-12 14:26:23',
        '2024-06-12 14:26:23',
        0
    ),
    (
        351,
        36,
        236,
        NULL,
        '/unzip/220af6ce1-6.jpg',
        '切面3',
        '切面6',
        0,
        0,
        1,
        'BANK',
        'admin',
        '2024-06-17 15:31:26',
        '2024-06-17 15:31:26',
        0
    ),
    (
        352,
        36,
        240,
        NULL,
        '/unzip/f5bb6fcb5-4.jpg',
        '切面5',
        '切面4',
        0,
        0,
        1,
        'BANK',
        'admin',
        '2024-06-17 15:35:36',
        '2024-06-17 15:35:36',
        0
    ),
    (
        353,
        36,
        241,
        NULL,
        '/unzip/942a62084-4.jpg',
        '切面4',
        '切面4',
        0,
        1,
        1,
        'BANK',
        'admin',
        '2024-06-17 15:38:02',
        '2024-06-17 15:38:02',
        0
    ),
    (
        354,
        36,
        242,
        NULL,
        '/unzip/97e0456c4-6.jpg',
        '切面2',
        '切面4',
        0,
        0,
        1,
        'BANK',
        'admin',
        '2024-06-17 15:38:06',
        '2024-06-17 15:38:06',
        0
    );

/*Table structure for table `question_bank` */

DROP TABLE IF EXISTS `question_bank`;

CREATE TABLE `question_bank` (
    `id` int NOT NULL AUTO_INCREMENT COMMENT 'id',
    `patient_analyse_id` int DEFAULT NULL COMMENT '病例id',
    `name` varchar(255) DEFAULT NULL COMMENT '题目名称',
    `answer` varchar(255) DEFAULT NULL COMMENT '题目答案',
    `question_set_id` int DEFAULT NULL COMMENT '题目对应套题id',
    `answered_user` int DEFAULT NULL COMMENT '已答题人数',
    `correct_answered` int DEFAULT NULL COMMENT '正确人数',
    `correct_rate` varchar(255) DEFAULT NULL COMMENT '正确率',
    `topic_source` enum('CASE', 'BANK') DEFAULT NULL COMMENT '题目来源 bank文件和创建,case病例导入',
    `create_user` varchar(255) DEFAULT 'admin' COMMENT '创建人',
    `create_time` datetime DEFAULT NULL COMMENT '创建时间',
    `edit_time` datetime DEFAULT NULL COMMENT '修改时间',
    `deleted` tinyint(1) DEFAULT NULL COMMENT '逻辑删除',
    PRIMARY KEY (`id`)
) ENGINE = InnoDB AUTO_INCREMENT = 350 DEFAULT CHARSET = utf8mb4 COLLATE = utf8mb4_0900_ai_ci COMMENT = '题库表';

/*Data for the table `question_bank` */

insert into
    `question_bank` (
        `id`,
        `patient_analyse_id`,
        `name`,
        `answer`,
        `question_set_id`,
        `answered_user`,
        `correct_answered`,
        `correct_rate`,
        `topic_source`,
        `create_user`,
        `create_time`,
        `edit_time`,
        `deleted`
    )
values (
        289,
        NULL,
        '/unzip/e43ef5e4不想多说了.jpg',
        '切面2',
        1,
        NULL,
        NULL,
        NULL,
        'BANK',
        'admin',
        '2024-06-17 10:40:23',
        '2024-06-17 10:40:23',
        0
    ),
    (
        290,
        NULL,
        '/unzip/2866244bxungenghuawei.png',
        '切面3',
        1,
        NULL,
        NULL,
        NULL,
        'BANK',
        'admin',
        '2024-06-17 10:40:23',
        '2024-06-17 10:40:23',
        0
    ),
    (
        291,
        NULL,
        '/unzip/7d8b7753patient1.png',
        '切面4',
        1,
        NULL,
        NULL,
        NULL,
        'BANK',
        'admin',
        '2024-06-17 10:40:23',
        '2024-06-17 10:40:23',
        0
    ),
    (
        292,
        NULL,
        '/unzip/5fcfa377病人1.jpg',
        '切面5',
        1,
        NULL,
        NULL,
        NULL,
        'BANK',
        'admin',
        '2024-06-17 10:40:23',
        '2024-06-17 10:40:23',
        0
    ),
    (
        293,
        NULL,
        '/unzip/763800f6asd.png',
        '切面6',
        1,
        NULL,
        NULL,
        NULL,
        'BANK',
        'admin',
        '2024-06-17 10:40:23',
        '2024-06-17 10:40:23',
        0
    ),
    (
        297,
        NULL,
        '/unzip/87745c54病人1.jpg',
        '切面5',
        2,
        NULL,
        NULL,
        NULL,
        'BANK',
        'admin',
        '2024-06-17 10:40:49',
        '2024-06-17 10:40:49',
        0
    ),
    (
        298,
        NULL,
        '/unzip/b29f64d4asd.png',
        '切面6',
        2,
        NULL,
        NULL,
        NULL,
        'BANK',
        'admin',
        '2024-06-17 10:40:49',
        '2024-06-17 10:40:49',
        0
    ),
    (
        299,
        NULL,
        '/unzip/82f933f7不想多说了.jpg',
        '切面2',
        3,
        NULL,
        NULL,
        NULL,
        'BANK',
        'admin',
        '2024-06-17 13:36:50',
        '2024-06-17 13:36:50',
        0
    ),
    (
        300,
        NULL,
        '/unzip/36195a21xungenghuawei.png',
        '切面3',
        3,
        NULL,
        NULL,
        NULL,
        'BANK',
        'admin',
        '2024-06-17 13:36:50',
        '2024-06-20 15:58:13',
        0
    ),
    (
        301,
        NULL,
        '/unzip/3c80bf62patient1.png',
        '非标准切面',
        3,
        NULL,
        NULL,
        NULL,
        'BANK',
        'admin',
        '2024-06-17 13:36:50',
        '2024-06-20 15:58:17',
        0
    ),
    (
        302,
        NULL,
        '/unzip/3bd666f8病人1.jpg',
        '切面5',
        3,
        NULL,
        NULL,
        NULL,
        'BANK',
        'admin',
        '2024-06-17 13:36:50',
        '2024-06-17 13:36:50',
        0
    ),
    (
        303,
        NULL,
        '/unzip/031496d8asd.png',
        '切面6',
        3,
        NULL,
        NULL,
        NULL,
        'BANK',
        'admin',
        '2024-06-17 13:36:50',
        '2024-06-17 13:36:50',
        0
    ),
    (
        304,
        145,
        '/img/bf39922d.jpg',
        '切面7',
        1,
        NULL,
        NULL,
        NULL,
        'CASE',
        'admin',
        '2024-06-19 09:47:26',
        '2024-06-19 09:47:26',
        0
    ),
    (
        305,
        146,
        '/img/a0924c48.jpg',
        '切面5',
        1,
        NULL,
        NULL,
        NULL,
        'CASE',
        'admin',
        '2024-06-19 09:47:26',
        '2024-06-19 09:47:26',
        0
    ),
    (
        306,
        147,
        '/img/82301faf.jpg',
        '切面7',
        1,
        NULL,
        NULL,
        NULL,
        'CASE',
        'admin',
        '2024-06-19 09:47:26',
        '2024-06-19 09:47:26',
        0
    ),
    (
        307,
        NULL,
        '/unzip/8c28179a不想多说了.jpg',
        '切面2',
        2,
        NULL,
        NULL,
        NULL,
        'BANK',
        'admin',
        '2024-06-19 09:49:41',
        '2024-06-19 09:49:41',
        0
    ),
    (
        309,
        NULL,
        '/unzip/6c0052d5patient1.png',
        '切面4',
        2,
        NULL,
        NULL,
        NULL,
        'BANK',
        'admin',
        '2024-06-19 09:49:41',
        '2024-06-19 09:49:41',
        0
    ),
    (
        312,
        NULL,
        '/unzip/2cd2adc62-1.jpg',
        '切面1',
        2,
        NULL,
        NULL,
        NULL,
        'BANK',
        'admin',
        '2024-06-20 14:51:57',
        '2024-06-20 14:51:57',
        0
    ),
    (
        313,
        NULL,
        '/unzip/f5d91b852-2.jpg',
        '切面2',
        2,
        NULL,
        NULL,
        NULL,
        'BANK',
        'admin',
        '2024-06-20 14:51:57',
        '2024-06-20 14:51:57',
        0
    ),
    (
        314,
        NULL,
        '/unzip/d49ac7502-3.jpg',
        '切面3',
        2,
        NULL,
        NULL,
        NULL,
        'BANK',
        'admin',
        '2024-06-20 14:51:57',
        '2024-06-20 14:51:57',
        0
    ),
    (
        315,
        NULL,
        '/unzip/4e102ff72-4.jpg',
        '非标准切面',
        2,
        NULL,
        NULL,
        NULL,
        'BANK',
        'admin',
        '2024-06-20 14:51:57',
        '2024-06-20 14:51:57',
        0
    ),
    (
        316,
        NULL,
        '/unzip/2da352592-5.jpg',
        '切面7',
        2,
        NULL,
        NULL,
        NULL,
        'BANK',
        'admin',
        '2024-06-20 14:51:57',
        '2024-06-20 14:51:57',
        0
    ),
    (
        317,
        NULL,
        '/unzip/a84dc30d2-1.jpg',
        '切面1',
        3,
        NULL,
        NULL,
        NULL,
        'BANK',
        'admin',
        '2024-06-20 14:53:47',
        '2024-06-20 14:53:47',
        0
    ),
    (
        318,
        NULL,
        '/unzip/9e3d3f8d2-2.jpg',
        '切面2',
        3,
        NULL,
        NULL,
        NULL,
        'BANK',
        'admin',
        '2024-06-20 14:53:47',
        '2024-06-20 14:53:47',
        0
    ),
    (
        319,
        NULL,
        '/unzip/71441e452-3.jpg',
        '切面3',
        3,
        NULL,
        NULL,
        NULL,
        'BANK',
        'admin',
        '2024-06-20 14:53:47',
        '2024-06-20 14:53:47',
        0
    ),
    (
        320,
        NULL,
        '/unzip/f93e06382-4.jpg',
        '非标准切面',
        3,
        NULL,
        NULL,
        NULL,
        'BANK',
        'admin',
        '2024-06-20 14:53:47',
        '2024-06-20 14:53:47',
        0
    ),
    (
        321,
        NULL,
        '/unzip/a825b4142-5.jpg',
        '切面7',
        3,
        NULL,
        NULL,
        NULL,
        'BANK',
        'admin',
        '2024-06-20 14:53:47',
        '2024-06-20 14:53:47',
        0
    ),
    (
        322,
        188,
        '/img/cfb6fa4e.jpg',
        '切面1',
        1,
        NULL,
        NULL,
        NULL,
        'CASE',
        'admin',
        '2024-06-20 14:55:31',
        '2024-06-20 14:55:31',
        0
    ),
    (
        323,
        NULL,
        '/img/a27cd2f3.jpg',
        '切面3',
        5,
        NULL,
        NULL,
        NULL,
        'BANK',
        'admin',
        '2024-06-20 15:09:59',
        '2024-06-20 15:09:59',
        0
    ),
    (
        324,
        NULL,
        '/img/39490a95.jpg',
        '切面5',
        1,
        NULL,
        NULL,
        NULL,
        'BANK',
        'admin',
        '2024-06-20 16:42:36',
        '2024-06-20 16:42:36',
        0
    ),
    (
        325,
        198,
        '/img/c1d88777.jpg',
        '切面6',
        1,
        NULL,
        NULL,
        NULL,
        'CASE',
        'admin',
        '2024-06-20 16:43:05',
        '2024-06-20 16:43:05',
        0
    ),
    (
        326,
        NULL,
        '/unzip/626b10722-1.jpg',
        '切面1',
        3,
        NULL,
        NULL,
        NULL,
        'BANK',
        'admin',
        '2024-06-20 16:45:18',
        '2024-06-20 16:45:18',
        0
    ),
    (
        327,
        NULL,
        '/unzip/74e1ef952-2.jpg',
        '切面2',
        3,
        NULL,
        NULL,
        NULL,
        'BANK',
        'admin',
        '2024-06-20 16:45:18',
        '2024-06-20 16:45:18',
        0
    ),
    (
        328,
        NULL,
        '/unzip/9b9f69342-3.jpg',
        '切面3',
        3,
        NULL,
        NULL,
        NULL,
        'BANK',
        'admin',
        '2024-06-20 16:45:18',
        '2024-06-20 16:45:18',
        0
    ),
    (
        329,
        NULL,
        '/unzip/07edd64d2-4.jpg',
        '非标准切面',
        3,
        NULL,
        NULL,
        NULL,
        'BANK',
        'admin',
        '2024-06-20 16:45:18',
        '2024-06-20 16:45:18',
        0
    ),
    (
        330,
        NULL,
        '/unzip/9446e3b02-5.jpg',
        '切面7',
        3,
        NULL,
        NULL,
        NULL,
        'BANK',
        'admin',
        '2024-06-20 16:45:18',
        '2024-06-20 16:45:18',
        0
    ),
    (
        331,
        173,
        '/img/08493ffd.jpg',
        '切面6',
        1,
        NULL,
        NULL,
        NULL,
        'CASE',
        'admin',
        '2024-06-20 16:47:46',
        '2024-06-20 16:47:46',
        0
    ),
    (
        332,
        158,
        '/unzip/91c5a9ce2-1.jpg',
        '切面1',
        5,
        NULL,
        NULL,
        NULL,
        'CASE',
        'admin',
        '2024-06-20 16:49:25',
        '2024-06-20 16:49:25',
        0
    ),
    (
        333,
        159,
        '/unzip/fcb836492-2.jpg',
        '切面6',
        2,
        NULL,
        NULL,
        NULL,
        'CASE',
        'admin',
        '2024-06-20 16:50:26',
        '2024-06-20 16:50:26',
        0
    ),
    (
        334,
        NULL,
        '/img/bd459703.jpg',
        '切面3',
        3,
        NULL,
        NULL,
        NULL,
        'BANK',
        'admin',
        '2024-06-20 16:55:37',
        '2024-06-20 16:55:37',
        0
    ),
    (
        335,
        NULL,
        '/img/8448c59e.jpg',
        '切面5',
        3,
        NULL,
        NULL,
        NULL,
        'BANK',
        'admin',
        '2024-06-20 16:56:27',
        '2024-06-20 16:56:27',
        0
    ),
    (
        336,
        NULL,
        '/img/4225b916.jpg',
        '切面3',
        4,
        NULL,
        NULL,
        NULL,
        'BANK',
        'admin',
        '2024-06-20 16:56:56',
        '2024-06-20 16:56:56',
        0
    ),
    (
        337,
        NULL,
        '/img/7bf523ad.jpg',
        '切面4',
        3,
        NULL,
        NULL,
        NULL,
        'BANK',
        'admin',
        '2024-06-20 16:59:13',
        '2024-06-20 16:59:13',
        0
    ),
    (
        338,
        NULL,
        '/img/a39f2cc5.jpg',
        '切面4',
        1,
        NULL,
        NULL,
        NULL,
        'BANK',
        'admin',
        '2024-06-20 17:00:28',
        '2024-06-20 17:00:28',
        0
    ),
    (
        339,
        NULL,
        '/unzip/dd4dc9be2-1.jpg',
        '切面1',
        3,
        NULL,
        NULL,
        NULL,
        'BANK',
        'admin',
        '2024-06-20 17:01:02',
        '2024-06-20 17:01:02',
        0
    ),
    (
        340,
        NULL,
        '/unzip/91e7d0782-2.jpg',
        '切面2',
        3,
        NULL,
        NULL,
        NULL,
        'BANK',
        'admin',
        '2024-06-20 17:01:02',
        '2024-06-20 17:01:02',
        0
    ),
    (
        341,
        NULL,
        '/unzip/ee03820d2-3.jpg',
        '切面3',
        3,
        NULL,
        NULL,
        NULL,
        'BANK',
        'admin',
        '2024-06-20 17:01:02',
        '2024-06-20 17:01:02',
        0
    ),
    (
        342,
        NULL,
        '/unzip/f10df5ab2-4.jpg',
        '非标准切面',
        3,
        NULL,
        NULL,
        NULL,
        'BANK',
        'admin',
        '2024-06-20 17:01:02',
        '2024-06-20 17:01:02',
        0
    ),
    (
        343,
        NULL,
        '/unzip/f68f3f422-5.jpg',
        '切面7',
        3,
        NULL,
        NULL,
        NULL,
        'BANK',
        'admin',
        '2024-06-20 17:01:02',
        '2024-06-20 17:01:02',
        0
    ),
    (
        344,
        160,
        '/unzip/d82ad4c12-3.jpg',
        '切面1',
        1,
        NULL,
        NULL,
        NULL,
        'CASE',
        'admin',
        '2024-06-20 17:01:27',
        '2024-06-20 17:01:27',
        0
    ),
    (
        345,
        NULL,
        '/unzip/1cc16b442-1.jpg',
        '切面1',
        4,
        NULL,
        NULL,
        NULL,
        'BANK',
        'admin',
        '2024-06-20 17:15:20',
        '2024-06-20 17:15:20',
        0
    ),
    (
        346,
        NULL,
        '/unzip/f27ef8482-2.jpg',
        '切面2',
        4,
        NULL,
        NULL,
        NULL,
        'BANK',
        'admin',
        '2024-06-20 17:15:20',
        '2024-06-20 17:15:20',
        0
    ),
    (
        347,
        NULL,
        '/unzip/5d5adca02-3.jpg',
        '切面3',
        4,
        NULL,
        NULL,
        NULL,
        'BANK',
        'admin',
        '2024-06-20 17:15:20',
        '2024-06-20 17:15:20',
        0
    ),
    (
        348,
        NULL,
        '/unzip/4f08b44a2-4.jpg',
        '非标准切面',
        4,
        NULL,
        NULL,
        NULL,
        'BANK',
        'admin',
        '2024-06-20 17:15:20',
        '2024-06-20 17:15:20',
        0
    ),
    (
        349,
        NULL,
        '/unzip/dea539752-5.jpg',
        '切面7',
        4,
        NULL,
        NULL,
        NULL,
        'BANK',
        'admin',
        '2024-06-20 17:15:20',
        '2024-06-20 17:15:20',
        0
    );

/*Table structure for table `question_set` */

DROP TABLE IF EXISTS `question_set`;

CREATE TABLE `question_set` (
    `id` int NOT NULL AUTO_INCREMENT COMMENT '套题id',
    `name` varchar(255) DEFAULT NULL COMMENT '套题名称',
    `correct_rate` decimal(10, 0) DEFAULT NULL COMMENT '套题正确率',
    `correct_answer` int DEFAULT NULL COMMENT '套题正确人数',
    `answered_user` int DEFAULT NULL COMMENT '套题回答人数',
    `question_sum` int DEFAULT NULL COMMENT '套题中题目总数',
    `create_user` varchar(255) DEFAULT NULL COMMENT '创建人',
    `create_time` datetime DEFAULT NULL COMMENT '套题创建时间',
    `edit_time` datetime DEFAULT NULL COMMENT '套题修改时间',
    `deleted` tinyint(1) DEFAULT NULL COMMENT '逻辑删除',
    `complete_rate` varchar(255) CHARACTER SET utf8mb4 COLLATE utf8mb4_0900_ai_ci DEFAULT NULL COMMENT '完成比率',
    PRIMARY KEY (`id`)
) ENGINE = InnoDB AUTO_INCREMENT = 18 DEFAULT CHARSET = utf8mb4 COLLATE = utf8mb4_0900_ai_ci;

/*Data for the table `question_set` */

insert into
    `question_set` (
        `id`,
        `name`,
        `correct_rate`,
        `correct_answer`,
        `answered_user`,
        `question_sum`,
        `create_user`,
        `create_time`,
        `edit_time`,
        `deleted`,
        `complete_rate`
    )
values (
        1,
        '套题2',
        '0',
        0,
        0,
        14,
        NULL,
        '2024-06-17 10:40:23',
        '2024-06-20 09:23:47',
        0,
        NULL
    ),
    (
        2,
        '模拟练习-2',
        '0',
        0,
        0,
        10,
        NULL,
        '2024-06-17 10:40:49',
        '2024-06-20 09:23:54',
        0,
        NULL
    ),
    (
        3,
        '病例练习-1',
        '0',
        0,
        0,
        23,
        NULL,
        '2024-06-17 13:36:49',
        '2024-06-20 09:23:41',
        0,
        NULL
    ),
    (
        4,
        '套题3',
        '0',
        0,
        0,
        6,
        NULL,
        '2024-06-19 09:49:41',
        '2024-06-20 09:23:25',
        0,
        NULL
    ),
    (
        5,
        'HSK模拟练习',
        '0',
        0,
        0,
        2,
        NULL,
        '2024-06-20 09:20:22',
        '2024-06-20 09:23:16',
        0,
        NULL
    ),
    (
        6,
        '套题4',
        '0',
        NULL,
        NULL,
        0,
        NULL,
        '2024-06-20 09:27:52',
        '2024-06-20 11:22:56',
        0,
        NULL
    ),
    (
        7,
        '套题5',
        '0',
        NULL,
        NULL,
        0,
        NULL,
        '2024-06-20 09:28:01',
        '2024-06-20 15:09:47',
        0,
        NULL
    ),
    (
        8,
        '21345678980',
        '0',
        NULL,
        NULL,
        0,
        NULL,
        '2024-06-20 09:29:57',
        '2024-06-20 09:29:57',
        0,
        NULL
    ),
    (
        9,
        NULL,
        NULL,
        NULL,
        NULL,
        NULL,
        NULL,
        '2024-06-20 14:51:56',
        '2024-06-20 14:51:56',
        1,
        NULL
    ),
    (
        10,
        NULL,
        NULL,
        NULL,
        NULL,
        NULL,
        NULL,
        '2024-06-20 14:53:47',
        '2024-06-20 14:53:47',
        1,
        NULL
    ),
    (
        11,
        '234',
        NULL,
        NULL,
        NULL,
        NULL,
        NULL,
        '2024-06-20 15:01:40',
        '2024-06-20 15:01:40',
        1,
        NULL
    ),
    (
        12,
        '2345',
        NULL,
        NULL,
        NULL,
        NULL,
        NULL,
        '2024-06-20 15:04:01',
        '2024-06-20 15:04:01',
        1,
        NULL
    ),
    (
        13,
        '123',
        NULL,
        NULL,
        NULL,
        NULL,
        NULL,
        '2024-06-20 15:04:04',
        '2024-06-20 15:04:04',
        1,
        NULL
    ),
    (
        14,
        '222',
        NULL,
        NULL,
        NULL,
        NULL,
        NULL,
        '2024-06-20 15:08:44',
        '2024-06-20 15:08:44',
        1,
        NULL
    ),
    (
        15,
        's',
        '0',
        NULL,
        NULL,
        0,
        NULL,
        '2024-06-20 16:45:18',
        '2024-06-20 16:46:05',
        0,
        NULL
    ),
    (
        16,
        NULL,
        '0',
        NULL,
        NULL,
        0,
        NULL,
        '2024-06-20 17:01:02',
        '2024-06-20 17:01:02',
        0,
        NULL
    ),
    (
        17,
        '2222',
        NULL,
        NULL,
        NULL,
        NULL,
        NULL,
        '2024-06-20 17:16:03',
        '2024-06-20 17:16:03',
        0,
        NULL
    );

/*Table structure for table `user` */

DROP TABLE IF EXISTS `user`;

CREATE TABLE `user` (
    `id` int NOT NULL AUTO_INCREMENT COMMENT '用户id',
    `name` varchar(255) DEFAULT NULL COMMENT '用户姓名',
    `password` varchar(255) DEFAULT NULL COMMENT '用户密码',
    `num_upload_cases` int DEFAULT NULL COMMENT '上传病例数',
    `correct_rate_case` varchar(255) DEFAULT NULL COMMENT '病例切面正确率',
    `correct_rate_question_bank` varchar(255) DEFAULT NULL COMMENT '题库正确率',
    `question_bank_complete_rate` varchar(255) DEFAULT NULL COMMENT '题库完成率',
    `last_login` datetime DEFAULT NULL COMMENT '上次登陆时间',
    `edit_time` datetime DEFAULT NULL COMMENT '修改时间',
    `deleted` tinyint(1) DEFAULT '0' COMMENT '清空 0未删除 1删除',
    `role` enum('ADMIN', 'USER', 'SUPERADMIN') DEFAULT NULL COMMENT '角色身份 admin管理员 user用户',
    `is_deleted` tinyint(1) DEFAULT '0' COMMENT '是否删除',
    `create_time` datetime DEFAULT NULL COMMENT '创建时间',
    PRIMARY KEY (`id`)
) ENGINE = InnoDB AUTO_INCREMENT = 86 DEFAULT CHARSET = utf8mb4 COLLATE = utf8mb4_0900_ai_ci COMMENT = '用户表';

/*Data for the table `user` */

insert into
    `user` (
        `id`,
        `name`,
        `password`,
        `num_upload_cases`,
        `correct_rate_case`,
        `correct_rate_question_bank`,
        `question_bank_complete_rate`,
        `last_login`,
        `edit_time`,
        `deleted`,
        `role`,
        `is_deleted`,
        `create_time`
    )
values (
        19,
        '学员2',
        '$2a$10$dJW06/20NqvhYWUlBKHj4uVvaNW7QBC/dSO4qqGNNct/CL.xzjhX6',
        4,
        '75.0%',
        '0.0%',
        '0.0%(0/78)',
        '2024-06-04 15:29:06',
        '2024-05-28 11:29:55',
        1,
        'USER',
        1,
        '2024-05-15 15:25:06'
    ),
    (
        34,
        'admin',
        '$2a$10$ht/F2D1AN81Nb.wDWOHr7uVcElJGIVGEYtOdcwG91PCCiMeyOxUR.',
        0,
        '0',
        NULL,
        '0.0%(0/104)',
        '2024-09-02 14:17:00',
        '2024-05-28 10:48:21',
        0,
        'ADMIN',
        0,
        '2024-05-28 10:48:21'
    ),
    (
        35,
        '学员1',
        '$2a$10$cu6ZMaHL/yrKIz6lSwWZvu/HS3eJc/2LQNUgRoiVYH5ztLBE6iKnC',
        1,
        '50.0%',
        '33.0%',
        '3.0%(3/104)',
        '2024-06-07 10:03:31',
        '2024-05-28 11:06:57',
        0,
        'USER',
        0,
        '2024-05-28 11:06:57'
    ),
    (
        36,
        '2024',
        '$2a$10$utGPusIFakL.GCraUDX0z.x0T5KESS08XNzyLjeC4i7sJ/3KQMHFu',
        11,
        '19.73%',
        '27.0%',
        '11.0%(11/104)',
        '2024-09-02 14:20:22',
        '2024-05-28 12:42:57',
        0,
        'USER',
        0,
        '2024-05-28 12:42:57'
    ),
    (
        68,
        'admin2',
        '$2a$10$1rC6uHRsS9yDGDJfX6tWLO2qryRgce775Ec6P0yTT7yoU/FtKg1i6',
        NULL,
        NULL,
        NULL,
        '0.0%(0/104)',
        '2024-06-06 15:45:05',
        '2024-06-06 10:09:14',
        0,
        'ADMIN',
        0,
        '2024-06-06 10:09:14'
    ),
    (
        70,
        'superadmin',
        '$2a$10$XAUNvMsTQzdFZDID8bpZG.gM.wG0YO/vXGGLnMUJX9Q4270YC4SW6',
        NULL,
        NULL,
        NULL,
        '0.0%(0/104)',
        '2024-06-20 16:05:24',
        '2024-06-06 10:19:07',
        0,
        'SUPERADMIN',
        0,
        '2024-06-06 10:19:07'
    ),
    (
        71,
        'Rongshu',
        '$2a$10$E6uyUyrcOxx2B3NkJNt6ZOdkhXWe.VN1L0E8MmnLFM9tW7eb6Rkgu',
        NULL,
        NULL,
        NULL,
        '0.0%(0/104)',
        NULL,
        '2024-06-06 10:53:02',
        0,
        'ADMIN',
        0,
        '2024-06-06 10:53:02'
    ),
    (
        72,
        '2023',
        '$2a$10$LwCXAMI9uiDgeLDLMGJsHuKsrniwu9neOuMF0ChNWSFeCvcBPK5Za',
        3,
        '100.0%',
        '17.0%',
        '46.0%(48/104)',
        '2024-06-07 17:18:06',
        '2024-06-06 10:53:13',
        0,
        'USER',
        0,
        '2024-06-06 10:53:13'
    ),
    (
        73,
        '2022',
        '$2a$10$5EHzGfSlWt4lOT2fPu3UsuL9lqxyqjEUX86fgekIBYLrH2KT8vnjK',
        0,
        '0.0%',
        NULL,
        '0.0%(0/59)',
        '2024-06-07 17:13:04',
        '2024-06-07 14:42:37',
        1,
        'USER',
        1,
        '2024-06-07 14:42:37'
    ),
    (
        74,
        '2022',
        '$2a$10$.vD1mG6T.3DMtX/5pcJp2uMrpn0N.e7EFWrHXSKCvfR5bldd1CHfW',
        NULL,
        NULL,
        NULL,
        NULL,
        NULL,
        '2024-06-17 10:50:21',
        1,
        'USER',
        0,
        '2024-06-17 10:50:21'
    ),
    (
        75,
        '2021',
        '$2a$10$wEu4TEN58kaj1q1WR7frJOBPsdR5r8j/8Y39/HdlY6FHyLQyjFsCW',
        NULL,
        NULL,
        NULL,
        NULL,
        NULL,
        '2024-06-17 10:50:29',
        1,
        'USER',
        0,
        '2024-06-17 10:50:29'
    ),
    (
        76,
        '2022',
        '$2a$10$dthr4LYr/zCES7cRL3fhauT9B63NheBGed/t9F1eEZVzQnliHIPBW',
        NULL,
        NULL,
        NULL,
        '0.0%(0/104)',
        NULL,
        '2024-06-17 11:02:27',
        0,
        'USER',
        1,
        '2024-06-17 11:02:27'
    ),
    (
        77,
        '2021',
        '$2a$10$yGpub3K1SLPZ41Hcg8pGNODy/RMz8QlLhw9ErSH0b/osxnCQOO7N2',
        NULL,
        NULL,
        NULL,
        '0.0%(0/104)',
        NULL,
        '2024-06-19 09:33:53',
        0,
        'USER',
        0,
        '2024-06-19 09:33:53'
    ),
    (
        78,
        '2010',
        '$2a$10$AkQAdhuGvrMOhgzE0pIZ3eSLgPSgiMN2ChbhzU6w0nUi3lV4pI8Um',
        NULL,
        NULL,
        NULL,
        '0.0%(0/104)',
        NULL,
        '2024-06-19 09:34:04',
        0,
        'USER',
        0,
        '2024-06-19 09:34:04'
    ),
    (
        79,
        '2020',
        '$2a$10$fwj34vutQtJ/OsdtTdGEj.NSb8p09g3QXB0Gas66n1IvIbuSsDtUi',
        NULL,
        NULL,
        NULL,
        '0.0%(0/104)',
        NULL,
        '2024-06-19 09:34:13',
        0,
        'USER',
        0,
        '2024-06-19 09:34:13'
    ),
    (
        80,
        '2019',
        '$2a$10$DkXOb//z5sPNd3O9FjAe3upqy9vazWyHS2UvtOJAEbCKyai.EFW2K',
        NULL,
        NULL,
        NULL,
        '0.0%(0/104)',
        NULL,
        '2024-06-19 09:34:20',
        0,
        'USER',
        0,
        '2024-06-19 09:34:20'
    ),
    (
        81,
        '2018',
        '$2a$10$C4bDDVtPjIBof.CD5m8i0u2qBaJNOd/CT/Mt9nc5k83mzjAqEDJji',
        NULL,
        NULL,
        NULL,
        '0.0%(0/104)',
        NULL,
        '2024-06-19 09:34:34',
        0,
        'USER',
        0,
        '2024-06-19 09:34:34'
    ),
    (
        82,
        '2017',
        '$2a$10$0waXNl3th17brheeS4NvC.o6nbODxcboEpmyumB/x6bEjB9rl26la',
        NULL,
        NULL,
        NULL,
        '0.0%(0/104)',
        NULL,
        '2024-06-19 09:34:39',
        0,
        'USER',
        0,
        '2024-06-19 09:34:39'
    ),
    (
        83,
        '2016',
        '$2a$10$q/2VLNX.1SI.xqxVFchgIesQtRN0QZY6FLwMS/jlJ0yQBlZat8An6',
        NULL,
        NULL,
        NULL,
        '0.0%(0/104)',
        NULL,
        '2024-06-19 09:34:44',
        0,
        'USER',
        0,
        '2024-06-19 09:34:44'
    ),
    (
        84,
        '2015',
        '$2a$10$BOQ6wZPrjTR4DOd8dmRUreS1qZFybZAXCxIbHk1aaEaTEheDGngEy',
        NULL,
        NULL,
        NULL,
        '0.0%(0/104)',
        NULL,
        '2024-06-19 09:34:49',
        0,
        'USER',
        1,
        '2024-06-19 09:34:49'
    ),
    (
        85,
        '20122',
        '$2a$10$DsbTcEJEPZXShXqbtdfEJuNaUKryqiDfRTpiYLM74Us6pU94sdbkC',
        NULL,
        NULL,
        NULL,
        NULL,
        NULL,
        '2024-06-20 15:59:40',
        1,
        'ADMIN',
        1,
        '2024-06-20 15:59:40'
    );

/*!40101 SET SQL_MODE=@OLD_SQL_MODE */
;
/*!40014 SET FOREIGN_KEY_CHECKS=@OLD_FOREIGN_KEY_CHECKS */
;
/*!40014 SET UNIQUE_CHECKS=@OLD_UNIQUE_CHECKS */
;
/*!40111 SET SQL_NOTES=@OLD_SQL_NOTES */
;